example_id,sugarcrepe_category,positive_caption,negative_caption,image_id,original_positive_cosine,original_negative_cosine,original_margin,original_preference,num_superpixels,pointwise_pdauc,cr_shap_pdauc,pdauc_difference,max_abs_linearity_error,shared_coalition_runtime_seconds,pointwise_runtime_seconds,cr_shap_runtime_seconds,pointwise_rankflip25,pointwise_rankflip50,pointwise_margin25,pointwise_margin_drop25,pointwise_num_positive_regions,pointwise_positive_area_fraction,pointwise_no_positive_attribution,pointwise_reached25,pointwise_reached50,cr_shap_rankflip25,cr_shap_rankflip50,cr_shap_margin25,cr_shap_margin_drop25,cr_shap_num_positive_regions,cr_shap_positive_area_fraction,cr_shap_no_positive_attribution,cr_shap_reached25,cr_shap_reached50
replace_obj:710,replace_obj,Well decorated bathroom in a small yellow tinted area.,Well decorated bedroom in a small yellow tinted area.,000000306733.jpg,0.2928456664085388,0.23064492642879486,0.06220073997974396,0.9980148506340836,14,0.6406735983708193,0.5234248075131767,0.11724879085764262,1.2576745200831851e-17,0.9129508999994869,0.9133560999998735,0.9131049999996321,False,False,0.04553839564323425,0.016662344336509705,9,0.6589992668621701,False,True,True,False,True,0.04115058481693268,0.02105015516281128,10,0.7193227639296188,False,True,True
replace_att:357,replace_att,Several jets that are flying in the air performing tricks.,A single jet is flying in the air performing tricks.,000000300659.jpg,0.28310492634773254,0.2825571298599243,0.0005477964878082275,0.5136914885702021,15,0.3527491134263777,0.5577597738410285,-0.20501066041465077,5.204170427930421e-17,0.7594752000004519,0.7597968000009132,0.759591800000635,True,,-0.0007345676422119141,0.0012823641300201416,8,0.4850328233506944,False,True,False,False,False,0.002702087163925171,-0.0021542906761169434,9,0.5821668836805556,False,True,True
swap_obj:113,swap_obj,A green park bench underneath a tree in a park.,A tree underneath a green park bench in a park.,000000527960.jpg,0.30254489183425903,0.2780342698097229,0.024510622024536133,0.9206390929355509,11,0.543472372184661,0.5327917308282061,0.010680641356454967,2.0816681711721685e-17,0.7689069999996718,0.7691546999994898,0.7690172000002349,False,True,0.01084718108177185,0.013663440942764282,10,0.9245990953947368,False,True,True,False,True,0.01379367709159851,0.010716944932937622,10,0.9360665661549707,False,True,True
replace_rel:119,replace_rel,Two jets are flying against a bright blue sky.,Two jets are swooping past each other in a bright blue sky.,000000525322.jpg,0.3094754219055176,0.2979685068130493,0.011506915092468262,0.7596372012698729,15,0.43385630817021004,0.5464198209720172,-0.11256351280180721,3.8163916471489756e-17,0.8632704999999987,0.863853900000322,0.8635352999990573,False,True,0.007307231426239014,0.004199683666229248,8,0.5593019005847953,False,True,True,False,,0.0018026530742645264,0.009704262018203735,7,0.49649922331871343,False,True,False
add_obj:1303,add_obj,Partial picture of a kitchen and a table and chairs under a lamp.,Partial picture of a kitchen and a table and chairs under a lamp and a rug.,000000221708.jpg,0.3062259554862976,0.3021475672721863,0.004078388214111328,0.6005695557290804,11,0.23434712653903322,0.2696425856444382,-0.03529545910540499,4.206704429243757e-17,1.114277000000584,1.1145749999996042,1.1144101999998384,True,True,-0.017450153827667236,0.021528542041778564,8,0.7249857584635416,False,True,True,True,True,-0.004746168851852417,0.008824557065963745,6,0.5740407307942709,False,True,True
swap_att:300,swap_att,A Windows laptop computer with a large mouse.,A large laptop computer with a Windows mouse.,000000248631.jpg,0.33322831988334656,0.32761630415916443,0.005612015724182129,0.6367305153443297,14,0.7114200353834869,0.5080078775235642,0.20341215785992262,5.410168840702667e-17,1.2195641999987856,1.2200603999990562,1.2198225999982242,False,False,0.005625426769256592,-1.341104507446289e-05,10,0.723876953125,False,True,True,False,,0.0007809996604919434,0.0048310160636901855,4,0.2894999186197917,False,True,False
add_att:513,add_att,The batter is tapping his bat on home plate.,The batter is tapping his bat on a cracked home plate.,000000072795.jpg,0.28361082077026367,0.2753113806247711,0.008299440145492554,0.69634309186454,13,0.5475034001819081,0.47737228638917995,0.07013111379272818,6.982261990806649e-17,1.0513014999996813,1.0515516999985266,1.0514106999999058,False,False,0.00011819601058959961,0.008181244134902954,8,0.5688374837239584,False,True,True,True,True,-0.005635321140289307,0.01393476128578186,8,0.6696523030598959,False,True,True
replace_obj:1040,replace_obj,A man takes his picture using the bathroom mirror.,A woman takes her picture using the bathroom mirror.,000000202228.jpg,0.30882886052131653,0.27605319023132324,0.032775670289993286,0.9636511585499198,14,0.6969506906715937,0.6640971249607507,0.03285356571084297,9.020562075079397e-17,0.9069260999986,0.9071714999990945,0.9070375999981479,False,False,0.015102475881576538,0.017673194408416748,14,1.0,False,True,True,False,False,0.013464897871017456,0.01931077241897583,8,0.5199635823567709,False,True,True
replace_att:618,replace_att,A young man hitting a ball with a racquet.,An elderly man hitting a ball with a racquet.,000000039951.jpg,0.3123379945755005,0.29289406538009644,0.019443929195404053,0.8748339585825567,13,0.5524764348188619,0.505798289352899,0.04667814546596283,5.0306980803327406e-17,0.9946488000005047,0.9948967999989691,0.9947563000005175,True,False,-0.00383073091506958,0.023274660110473633,8,0.6606390449438202,False,True,True,True,True,-0.006865650415420532,0.026309579610824585,7,0.6154318820224719,False,True,True
swap_obj:236,swap_obj,Two men biting a surfboard with a shark on it. ,A shark biting a surfboard with two men on it.,000000073946.jpg,0.3304157853126526,0.3221285939216614,0.008287191390991211,0.6960840304266369,12,0.6370272281548314,0.5111296121107555,0.1258976160440759,2.190088388420719e-17,1.0023854999999458,1.0026863999992202,1.0024926000005507,False,False,0.004012882709503174,0.004274308681488037,11,0.9074721308479532,False,True,True,False,,0.004012852907180786,0.004274338483810425,6,0.4960594846491228,False,True,False
replace_rel:816,replace_rel,Four people learning how to surf on the beach. ,Four people battling the waves on the beach.,000000410456.jpg,0.31459760665893555,0.27709752321243286,0.037500083446502686,0.9770228174217069,11,0.5952866301938292,0.587610459735226,0.007676170458603249,3.122502256758253e-17,1.3347618999996484,1.335000699999,1.3348716999989847,False,False,0.011412829160690308,0.026087254285812378,8,0.7577565511067709,False,True,True,True,False,-0.006556525826454163,0.04405660927295685,6,0.5598297119140625,False,True,True
add_obj:137,add_obj,Two women are playing a Wii game at a banquet hall.,Two women and a child are playing a Wii game at a banquet hall.,000000185890.jpg,0.3347891569137573,0.3158455193042755,0.01894363760948181,0.8692522836422654,16,0.6943063628475103,0.6367377538475071,0.05756860900000327,1.0061396160665481e-16,1.151740699999209,1.1519900999992387,1.1518577999995614,False,False,0.010173201560974121,0.00877043604850769,11,0.7236688037469288,False,True,True,False,False,0.005588233470916748,0.013355404138565063,12,0.7653610641891891,False,True,True
swap_att:86,swap_att,"A man in a red hat, suit, and blue striped tie walks past two other men on a street.","A man in a blue hat, suit, and red striped tie walks past two other men on a street.",000000058539.jpg,0.3270380198955536,0.3190299868583679,0.008008033037185669,0.6901462893538522,11,0.4463756857553496,0.4645026098041634,-0.01812692404881383,5.984795992119984e-17,0.8919349999996484,0.8921743000009883,0.8920393999997032,True,True,-0.001987665891647339,0.009995698928833008,9,0.8180580025964391,False,True,True,True,,-0.0018755793571472168,0.009883612394332886,4,0.3508380471068249,False,True,False
add_att:593,add_att,A building with a clock that is in front of a building.,A building with a handcrafted clock that is in front of a building.,000000173044.jpg,0.29295215010643005,0.2876475751399994,0.005304574966430664,0.6295898094736257,13,0.6290750085588104,0.58688373997854,0.042191268580270336,6.245004513516506e-17,0.9152950999996392,0.9156017999994219,0.9154354000002058,False,False,0.0011863112449645996,0.0041182637214660645,10,0.8125952743902439,False,True,True,False,False,0.0027489960193634033,0.0025555789470672607,7,0.5487600718641115,False,True,True
replace_obj:1365,replace_obj,an image of a flower arrangement in the vase,An image of a flower arrangement on a bookshelf.,000000031050.jpg,0.30312713980674744,0.2830994725227356,0.02002766728401184,0.8810872608018305,15,0.46818846867930075,0.5881458292675357,-0.11995736058823492,3.8163916471489756e-17,1.3326231999999436,1.3329604000009567,1.3327329000003374,True,True,-0.01764044165611267,0.03766810894012451,12,0.7894279970760234,False,True,True,False,True,0.00669977068901062,0.01332789659500122,10,0.7065001370614035,False,True,True
replace_att:100,replace_att,A sidewalk scene with focus on a red bench.,A sidewalk scene with focus on a yellow bench.,000000453584.jpg,0.30982881784439087,0.2826715111732483,0.027157306671142578,0.9379485179886864,11,0.8464443328800646,0.7839307384039289,0.06251359447613569,2.7755575615628914e-17,1.244950100001006,1.2452445000017178,1.2450834999999643,False,False,0.04245273768901825,-0.015295431017875671,10,0.915618896484375,False,True,True,False,False,0.011260703206062317,0.01589660346508026,5,0.5453542073567709,False,True,True
swap_obj:111,swap_obj,A man sitting at a bar being served by a woman,A woman sitting at a bar being served by a man.,000000277020.jpg,0.29135915637016296,0.28681400418281555,0.004545152187347412,0.6117122298102383,11,0.5228430037830866,0.4847440241670891,0.03809897961599745,2.7755575615628914e-17,0.7794752999998309,0.779825499999788,0.779609100000016,True,False,-0.002599656581878662,0.007144808769226074,7,0.6905924479166666,False,True,True,False,True,0.0027873367071151733,0.0017578154802322388,5,0.5117051866319444,False,True,True
replace_rel:908,replace_rel,Two zebras fighting in a cloud of dust,Two zebras running through a cloud of dust.,000000562121.jpg,0.33783915638923645,0.32821619510650635,0.009622961282730103,0.7235812926535028,15,0.5191437807833469,0.4278794944915944,0.09126428629175248,6.852157730108388e-17,1.1313324999991892,1.1315786999984994,1.1314406999990752,False,False,0.0029207170009613037,0.006702244281768799,11,0.7397070850550964,False,True,True,True,,-0.005819350481033325,0.015442311763763428,7,0.48597839187327824,False,True,False
add_obj:1694,add_obj,This is a chair and umbrella that is sitting near an ocean.,A chair and a beach ball are sitting near an umbrella and an ocean.,000000084477.jpg,0.33338597416877747,0.3293924331665039,0.00399354100227356,0.5985324658643536,14,0.5389940657151242,0.63248963338116,-0.09349556766603584,1.734723475976807e-17,1.243047399999341,1.2433605999995052,1.2431878999996115,False,True,0.009095966815948486,-0.005102425813674927,13,0.9180315698099415,False,True,True,True,False,-0.0056833624839782715,0.009676903486251831,9,0.6255768000730995,False,True,True
swap_att:197,swap_att,Two customers and three employees interact in the deli.,Three customers and two employees interact in the deli.,000000125936.jpg,0.33247900009155273,0.33225250244140625,0.00022649765014648438,0.5056621991911224,13,0.5423439000218784,0.5155769899153526,0.026766910106525765,2.949029909160572e-17,1.1489342999993823,1.1492331999997987,1.1490737999993144,False,False,0.001014024019241333,-0.0007875263690948486,11,0.884776758409786,False,True,True,False,,0.0007661581039428711,-0.0005396604537963867,3,0.28566360856269113,False,True,False
add_att:70,add_att,A pregnant woman in bed reading a book,A blonde pregnant woman in bed reading a book.,000000578545.jpg,0.40724772214889526,0.38781747221946716,0.0194302499294281,0.8746840944805537,14,0.6053536591805272,0.5714805059362571,0.03387315324427009,7.719519468096792e-17,0.9643579000003228,0.9646736000013334,0.9644996000006358,False,False,0.0017409920692443848,0.017689257860183716,11,0.8509544030343008,False,True,True,False,,0.005167663097381592,0.014262586832046509,6,0.45393407816622694,False,True,False
replace_obj:631,replace_obj,A very large pizza covered in cheese and toppings.,A very large burger covered in cheese and toppings.,000000116208.jpg,0.26827272772789,0.22373045980930328,0.04454226791858673,0.9885043778586285,12,0.8046266157205619,0.746593663495719,0.05803295222484295,3.469446951953614e-17,1.1492250000010245,1.1494685000016034,1.1493352000015875,False,False,0.006755411624908447,0.037786856293678284,7,0.6652628580729166,False,True,True,False,False,0.006755456328392029,0.0377868115901947,8,0.6471150716145834,False,True,True
replace_att:706,replace_att,A man working on his laptop in the dark.,A man working on his laptop in the bright light.,000000232684.jpg,0.339661180973053,0.33658280968666077,0.003078371286392212,0.5763572411670042,14,0.6299109207060152,0.32056357402179,0.3093473466842252,4.5102810375396984e-17,1.135411400000521,1.1357356999997137,1.1355221000012534,True,False,-0.01862272620201111,0.02170109748840332,9,0.6499451754385965,False,True,True,True,,-0.008930563926696777,0.01200893521308899,4,0.2615417123538012,False,True,False
swap_obj:159,swap_obj,"What appears to be a beach-side eatery has an outdoor area with a metal railing and high stools, the whole of which rests on a tilted walkway with a sign and  a bench with a logo on it. ","What appears to be a beach-side eatery has an outdoor area with high stools and a tilted walkway with a sign and a bench with a logo on it, the whole of which rests on a metal railing.",000000453584.jpg,0.3324108123779297,0.3264005780220032,0.006010234355926514,0.6458904172411887,11,0.5954454572331492,0.6087543900373569,-0.01330893280420764,5.084908188957016e-17,0.9080158999986452,0.9084003999978449,0.9082148999987112,False,False,0.0049630701541900635,0.0010471642017364502,11,1.0,False,True,True,False,False,0.003993004560470581,0.0020172297954559326,6,0.614105224609375,False,True,True
replace_rel:925,replace_rel,Two woman wearing no shoes playing video games,Two women wearing no shoes are watching a movie.,000000185890.jpg,0.27786028385162354,0.25520071387290955,0.02265956997871399,0.9060180935832165,16,0.7819512147282204,0.65488439599156,0.12706681873666037,2.862293735361732e-17,1.3253164000016113,1.325620900001013,1.3254634000004444,False,False,0.016642361879348755,0.006017208099365234,11,0.7236688037469288,False,True,True,False,False,0.018769413232803345,0.0038901567459106445,10,0.6781614711302212,False,True,True
add_obj:578,add_obj,a red and grey fire hydrant on a street corner.,A red and grey fire hydrant and a bicycle rack are on a street corner.,000000417779.jpg,0.34865137934684753,0.3350541889667511,0.013597190380096436,0.7957140302363913,14,0.8461640512212568,0.7681528685412352,0.0780111826800216,1.0842021724855044e-16,1.231070899999395,1.2313911999990523,1.2312248999987787,False,False,0.01585325598716736,-0.002256065607070923,11,0.771636962890625,False,True,True,False,,0.010181471705436707,0.003415718674659729,6,0.4245961507161458,False,True,False
swap_att:559,swap_att,Two people riding a motorcycle to the beach.,A beach with two motorcycles ridden by people.,000000102411.jpg,0.32917216420173645,0.30632489919662476,0.022847265005111694,0.907604170070452,12,0.584908902679449,0.18587027842547005,0.3990386242539789,1.491862189340054e-16,0.855097100000421,0.8554516000003787,0.855233500000395,False,False,0.010027766227722168,0.012819498777389526,10,0.8577473958333334,False,True,True,True,,-0.021966010332107544,0.04481327533721924,6,0.45156021564327486,False,True,False
add_att:483,add_att,A group of people paddle a long canoe in a clear lake bordered by pine woods.,A group of people paddle a long canoe in a clear lake bordered by foggy pine woods.,000000186873.jpg,0.3272244334220886,0.30587446689605713,0.021349966526031494,0.8942584248985882,15,0.3396067857184518,0.3827030258534713,-0.0430962401350195,3.469446951953614e-17,1.5656751000005897,1.5662420000007842,1.56601210000008,True,True,-0.011430859565734863,0.03278082609176636,9,0.6211204528808594,False,True,True,False,True,0.0011463761329650879,0.020203590393066406,11,0.7443733215332031,False,True,True
replace_obj:324,replace_obj,People using electronic devises all facing in the same direction.,Animals using electronic devices all facing in the same direction.,000000089648.jpg,0.2760813534259796,0.254484087228775,0.02159726619720459,0.8965742010365291,14,0.936857998029495,0.8896475146872342,0.047210483342260745,2.3852447794681098e-17,1.2365257000001293,1.236886400000003,1.236639800001285,False,False,0.03289678692817688,-0.01129952073097229,10,0.7150379203216374,False,True,True,False,False,0.025680050253868103,-0.004082784056663513,8,0.5758577759502924,False,True,True
replace_att:145,replace_att,An advertising billboard featuring the statue of an elephant with a howdah on its back.,An advertising billboard featuring an abstract elephant with a howdah on its back.,000000166563.jpg,0.34767594933509827,0.3392527997493744,0.008423149585723877,0.698952548916998,13,0.15010807799946582,0.1715435525430265,-0.02143547454356068,2.42861286636753e-17,1.1225097000005917,1.1228752000006352,1.1226489000000583,True,True,-0.027147606015205383,0.03557075560092926,11,0.868859039493865,False,True,True,True,True,-0.019917309284210205,0.028340458869934082,8,0.6522838381901841,False,True,True
swap_obj:170,swap_obj,The white bridge stretches out over the horizon as the transport train travels below it.,The transport train stretches out over the horizon as the white bridge travels below it.,000000014380.jpg,0.2969854474067688,0.2961888909339905,0.0007965564727783203,0.5199033889785523,11,0.5326874232221995,0.4651995181198869,0.06748790510231262,4.0332320816460765e-17,0.8211931000005279,0.8215000000018335,0.8212984000001597,True,True,-0.0019578635692596436,0.002754420042037964,9,0.8904536732456141,False,True,True,True,True,-0.001957803964614868,0.0027543604373931885,7,0.666015625,False,True,True
replace_rel:801,replace_rel,A woman is walking her dogs  on the city sidewalks through the newly fallen snow.,A woman is walking her dogs off the city sidewalks through the newly fallen snow.,000000512836.jpg,0.35127803683280945,0.3478281795978546,0.003449857234954834,0.5854011041310847,14,0.5296864186598076,0.4912185804007382,0.03846783825906941,9.020562075079397e-17,1.2477423000000272,1.2484064000000217,1.248082100000829,False,True,0.0019591301679611206,0.0014907270669937134,11,0.81024169921875,False,True,True,False,True,0.0009142458438873291,0.002535611391067505,7,0.5310516357421875,False,True,True
add_obj:129,add_obj,A double decker bus sitting on a green field.,A hot air balloon and a double decker bus are sitting on a green field.,000000468124.jpg,0.29754775762557983,0.2550782859325409,0.04246947169303894,0.9858939800341955,13,0.708794300096931,0.38648577160341147,0.32230852849351954,2.42861286636753e-17,1.2455049000000145,1.2457550999988598,1.2456142999999429,False,False,0.006029844284057617,0.03643962740898132,7,0.5758898160762943,False,True,True,False,True,0.004908949136734009,0.03756052255630493,8,0.7103041978882834,False,True,True
swap_att:566,swap_att,A tennis player hits a high ball in front of an audience. ,A tennis player hits a ball in front of a high audience.,000000078915.jpg,0.3419976830482483,0.3398490250110626,0.002148658037185669,0.5535107385764799,13,0.5566940471667002,0.5872045910439943,-0.030510543877294016,2.883977778811442e-17,0.8590252000012697,0.8592760000010458,0.8591353000010713,False,False,0.006013095378875732,-0.0038644373416900635,11,0.8729758522727272,False,True,True,False,,0.003737539052963257,-0.0015888810157775879,6,0.4984476461038961,False,True,False
add_att:98,add_att,A boy is hitting a tennis ball on a tennis court. ,A left-handed boy is hitting a tennis ball on a tennis court.,000000039951.jpg,0.3104952573776245,0.30936574935913086,0.0011295080184936523,0.5282077176054807,13,0.6601916594202419,0.4112317043544386,0.24895995506580332,5.594483210025203e-17,1.0363149999993766,1.0366247999991174,1.036452799999097,False,False,0.008980333805084229,-0.007850825786590576,7,0.5234155547752809,False,True,True,True,,-0.0029986798763275146,0.004128187894821167,5,0.36589273174157305,False,True,False
replace_obj:1117,replace_obj,Two men are on a bicycle and a third is on a scooter.,Two men are in a car and a third is on a scooter.,000000038829.jpg,0.33010756969451904,0.29996904730796814,0.030138522386550903,0.953196016024551,12,0.6629103685116363,0.6469492255732058,0.01596114293843054,1.431146867680866e-17,1.261957300001086,1.2624482000010175,1.2621408000013616,False,False,0.012708216905593872,0.01743030548095703,11,0.9550952576754386,False,True,True,False,False,0.0035522282123565674,0.026586294174194336,7,0.5347393548976608,False,True,True
replace_att:58,replace_att,Two young girls in uniforms sitting closely together.,Two old girls in uniforms sitting closely together.,000000183716.jpg,0.29679420590400696,0.2806609272956848,0.016133278608322144,0.8338729036302608,15,0.6077879822300146,0.429788424332891,0.17799955789712363,3.642919299551295e-17,0.8902873999995791,0.8905388999992283,0.890398899999127,False,False,0.012684047222137451,0.0034492313861846924,12,0.8514787535410765,False,True,True,True,False,-0.008397087454795837,0.02453036606311798,10,0.7423512747875354,False,True,True
swap_obj:223,swap_obj,A man standing next to a beautiful woman in a short blue skirt facing the crowd.,A beautiful woman standing next to a man in a short blue skirt facing the crowd.,000000121744.jpg,0.2783994972705841,0.2599542438983917,0.018445253372192383,0.8634830325514314,13,0.8584870613175886,0.6006012672417597,0.2578857940758289,3.3393426912553537e-17,0.8395018999999593,0.8397564999995666,0.8396147000003111,False,False,0.020132526755332947,-0.001687273383140564,8,0.6181211052052786,False,True,True,False,False,0.005438968539237976,0.013006284832954407,10,0.7551147818914956,False,True,True
replace_rel:687,replace_rel,Three stuffed animals lay in a bed cuddled together.,Three stuffed animals lay in a bed separated from each other.,000000113403.jpg,0.33555787801742554,0.3336734175682068,0.00188446044921875,0.5469725862393422,12,0.3323623798739636,0.3021485032985139,0.030213876575449716,6.179952383167375e-17,1.2336488000000827,1.233900299999732,1.2337454999997135,True,True,-0.013783901929855347,0.015668362379074097,10,0.7950409020083102,False,True,True,True,,-0.011411666870117188,0.013296127319335938,5,0.3770667416897507,False,True,False
add_obj:1131,add_obj,A group of zebras that are standing in the dirt.,A group of zebras that are standing in the dirt and a puddle.,000000546011.jpg,0.3212387263774872,0.3040763735771179,0.017162352800369263,0.8476432808450365,9,0.5748073774179172,0.5024413323141017,0.0723660451038155,6.591949208711867e-17,0.8920976000008523,0.8923852000007173,0.8922251000003598,False,False,0.004078388214111328,0.013083964586257935,9,1.0,False,True,True,False,True,0.004078477621078491,0.013083875179290771,4,0.6526407185628742,False,True,True
swap_att:25,swap_att,There is a street sign on top of a stop sign near a tree. ,There is a stop sign on top of a street sign near a tree.,000000104782.jpg,0.24868537485599518,0.2434167116880417,0.005268663167953491,0.6287519340274337,13,0.6140623468819987,0.5631753646175994,0.05088698226439925,3.382710778154774e-17,1.0709184000006644,1.0711688000010327,1.0710290000006353,False,False,0.0030533820390701294,0.002215281128883362,7,0.6187413333333334,False,True,True,False,False,0.0029828697443008423,0.002285793423652649,9,0.7781546666666667,False,True,True
add_att:556,add_att,A long orange train traveling along a tree filled forest.,A long orange train traveling along a misty tree filled forest.,000000030675.jpg,0.294937402009964,0.27584439516067505,0.01909300684928894,0.8709405630612591,12,0.3229855774190244,0.3968617971276551,-0.07387621970863073,5.724587470723463e-17,1.252208800000517,1.2525133000017377,1.2523443000009138,True,True,-0.009332925081253052,0.028425931930541992,7,0.6157158745659722,False,True,True,True,True,-0.005848586559295654,0.024941593408584595,7,0.6353285047743056,False,True,True
replace_obj:1385,replace_obj,"A guy wearing glasses, a red shirt and a tie.","A guy wearing a hat, a red shirt and a tie.",000000562243.jpg,0.3080371618270874,0.26701751351356506,0.04101964831352234,0.9837289801665191,15,0.3592428364595182,0.2786527041642945,0.08059013229522372,4.85722573273506e-17,1.2529140999995434,1.2532276999991154,1.2530602999995608,True,True,-0.005830198526382446,0.046849846839904785,13,0.8583297729492188,False,True,True,True,True,-0.014317184686660767,0.055336833000183105,9,0.5689353942871094,False,True,True
replace_att:253,replace_att,A plate of cheese bread next to bread sticks and wine.,A plate of fruit bread next to bread sticks and wine.,000000108253.jpg,0.31260916590690613,0.2698782682418823,0.042730897665023804,0.9862529657118759,12,0.960270635161852,0.921672081275926,0.038598553885925924,4.163336342344337e-17,1.3143480999988242,1.3146563999980572,1.3144864999976562,False,False,0.029306039214134216,0.013424858450889587,8,0.5697377522786459,False,True,True,False,False,0.02607870101928711,0.016652196645736694,9,0.6447957356770834,False,True,True
swap_obj:168,swap_obj,A male skier is posing for the camera while a young girl is in the background. ,A young girl is posing for the camera while a male skier is in the background.,000000036539.jpg,0.33223289251327515,0.32666364312171936,0.005569249391555786,0.6357407324241948,13,0.6819610611490318,0.5635663343172954,0.11839472683173635,3.903127820947816e-17,1.2151390999988507,1.2155656999984785,1.2152783999990788,False,False,0.006025433540344238,-0.00045618414878845215,8,0.6741536458333334,False,True,True,False,,0.0016118288040161133,0.003957420587539673,6,0.3935832419590643,False,True,False
replace_rel:828,replace_rel,A white street sign in front of  a green large tree.,A white street sign behind a green large tree.,000000461275.jpg,0.28253042697906494,0.27922505140304565,0.003305375576019287,0.5818901671356512,11,0.28839819722865956,0.26613698548204046,0.022261211746619103,6.245004513516506e-17,0.8285871999996743,0.8288794999989477,0.8287206999993941,True,True,-0.004563450813293457,0.007868826389312744,8,0.732531343283582,False,True,True,True,True,-0.009416729211807251,0.012722104787826538,9,0.8275164179104477,False,True,True
add_obj:354,add_obj,Children are playing near a beach at sunset.,Children are playing near a beach and a pier at sunset.,000000439854.jpg,0.2708355188369751,0.266022264957428,0.004813253879547119,0.6180607969534886,11,0.7908910335256165,0.485826040481686,0.30506499304393053,2.970713952610282e-17,0.9555815999992774,0.9558257999997295,0.955683099999078,False,False,0.011123329401016235,-0.006310075521469116,8,0.8058018018018018,False,True,True,True,,-0.004639953374862671,0.00945320725440979,6,0.3988288288288288,False,True,False
swap_att:157,swap_att,A beach with two boats and a tractor.,A beach with a boat and two tractors.,000000465675.jpg,0.3163991868495941,0.3137657046318054,0.0026334822177886963,0.5654591800231991,13,0.6536374138343114,0.6058344784970682,0.047802935337243224,7.28583859910259e-17,0.9948501999988366,0.9951593999994657,0.9949886999984301,False,False,0.005053415894508362,-0.0024199336767196655,9,0.7062305900621118,False,True,True,False,False,0.0034957528114318848,-0.0008622705936431885,7,0.5421438276397516,False,True,True
add_att:502,add_att,A man in uniform rides a horse down the street.,A man in uniform rides a horse down the cobblestoned street.,000000439715.jpg,0.33223193883895874,0.3163829743862152,0.01584896445274353,0.8298968566439411,12,0.355008820050733,0.4389510757485994,-0.0839422556978664,4.5102810375396984e-17,1.270935599999575,1.2712403000004997,1.271069999998872,True,True,-0.0063040852546691895,0.02215304970741272,10,0.8594767252604166,False,True,True,True,True,-0.006304144859313965,0.022153109312057495,6,0.5738932291666666,False,True,True
replace_obj:465,replace_obj,A man surfing rocking waves in the water.,A woman surfing rocking waves in the water.,000000115898.jpg,0.30735722184181213,0.2693915367126465,0.03796568512916565,0.9780451661075583,14,0.642023369187561,0.36806361336145627,0.2739597558261047,4.85722573273506e-17,1.0602209999997285,1.0605560999993031,1.0603671000008035,False,True,0.03963819146156311,-0.001672506332397461,10,0.6950954861111112,False,True,True,True,True,-0.009159833192825317,0.04712551832199097,10,0.6953353435672515,False,True,True
replace_att:568,replace_att,Several desserts sitting behind a glass window with display cards in front of them.,A singular dessert sitting behind a glass window with a display card in front of it.,000000426329.jpg,0.2712850570678711,0.26016783714294434,0.011117219924926758,0.7524500046692758,15,0.6541795916060091,0.5930394481032455,0.061140143502763644,6.245004513516506e-17,0.969721199999185,0.9700871999993979,0.9698676000007254,False,False,0.004994645714759827,0.006122574210166931,9,0.6195403874269005,False,True,True,False,False,0.005603671073913574,0.005513548851013184,11,0.735774168494152,False,True,True
swap_obj:116,swap_obj,"A woman sitting in front of several glasses, talking on her phone. ","Several glasses sitting in front of a woman, talking on her phone.",000000579655.jpg,0.26275333762168884,0.2577657103538513,0.004987627267837524,0.6221685233781907,13,0.49544104913043496,0.5227461218539761,-0.0273050727235411,2.2985086056692694e-17,1.27381719999903,1.2741229999992356,1.2739550999995117,False,False,0.008831501007080078,-0.0038438737392425537,9,0.6846713362068966,False,True,True,False,True,0.015799522399902344,-0.01081189513206482,8,0.5954765869905956,False,True,True
replace_rel:625,replace_rel,A pasta with some different vegetables mixed in,A pasta with some different vegetables arranged on top of it.,000000141328.jpg,0.32531997561454773,0.32066360116004944,0.004656374454498291,0.614350679857269,13,0.49750456552795963,0.484135169503572,0.013369396024387636,3.5128150388530344e-17,1.2419504999998026,1.2422019999994518,1.2420583000002807,True,True,-0.00528910756111145,0.009945482015609741,8,0.6991526285807291,False,True,True,True,,-0.0015695393085479736,0.006225913763046265,6,0.3950856526692708,False,True,False
add_obj:733,add_obj,People cross the street at the corner of luxury buildings.,People cross the street and a fountain at the corner of luxury buildings.,000000412894.jpg,0.27142006158828735,0.2513410151004791,0.020079046487808228,0.8816245204289374,12,0.7157491810591534,0.4403508364193927,0.2753983446397607,7.632783294297951e-17,0.8738916999991488,0.87430139999924,0.8740268999990803,False,False,0.007342547178268433,0.012736499309539795,7,0.6933022660818714,False,True,True,False,True,0.005894675850868225,0.014184370636940002,8,0.6883452119883041,False,True,True
swap_att:188,swap_att,A person sits in a chair in a living room next to some windows.,Some people sit in chairs in a living room next to a window.,000000492758.jpg,0.2805056869983673,0.26297900080680847,0.017526686191558838,0.8522890767964639,12,0.6619288214635236,0.5719784618038075,0.0899503596597161,3.209238430557093e-17,1.007496500000343,1.0078032999990683,1.0076022000012017,False,False,0.0027482807636260986,0.01477840542793274,7,0.6347427814327485,False,True,True,False,False,0.00485074520111084,0.012675940990447998,8,0.7101779513888888,False,True,True
add_att:74,add_att,The vanity is decorated with a red flower arrangement and glass candles and perfume bottles. ,The vanity is decorated with a dried red flower arrangement and glass candles and perfume bottles.,000000578922.jpg,0.3261147737503052,0.3247348368167877,0.001379936933517456,0.5344437833885324,15,0.49726671713175513,0.48897012947023955,0.008296587661515586,4.038653092508504e-17,1.4897691999995004,1.4900804000008065,1.4899172999994335,False,True,0.0017652511596679688,-0.0003853142261505127,11,0.7529664618200836,False,True,True,False,,0.001554727554321289,-0.000174790620803833,8,0.4813635917887029,False,True,False
replace_obj:1321,replace_obj,Two men and one woman in front of an elephant.,Two children and one woman in front of an elephant.,000000183648.jpg,0.3126595914363861,0.27456626296043396,0.03809332847595215,0.978317586370128,13,0.8429494629366509,0.6569288516092532,0.18602061132739767,4.163336342344337e-17,1.2337860999996337,1.2340852999986964,1.2338940999998158,False,False,0.031681716442108154,0.006411612033843994,10,0.8316371984649122,False,True,True,False,False,0.00684279203414917,0.03125053644180298,10,0.7523814418859649,False,True,True
replace_att:743,replace_att,A truck is sitting in the middle of a wooded area.,A truck is sitting in the middle of a deserted area.,000000174004.jpg,0.3073457181453705,0.30449485778808594,0.002850860357284546,0.5707926897778909,13,0.7619753632192698,0.7486502566484072,0.01332510657086261,3.122502256758253e-17,1.0559978999990562,1.0562573999995948,1.0561085999997886,False,False,0.014467686414718628,-0.011616826057434082,10,0.7731424967447916,False,True,True,False,,0.01446765661239624,-0.011616796255111694,5,0.45013427734375,False,True,False
swap_obj:30,swap_obj,A view of a baby goat standing and a mother goat sitting in a field.,A view of a mother goat standing and a baby goat sitting in a field.,000000066561.jpg,0.2874860167503357,0.2832942605018616,0.004191756248474121,0.6032859673123926,15,0.48052493494538606,0.44955856071315536,0.030966374232230698,2.1636609604663848e-17,0.9754634000000806,0.9757680000002438,0.9756059000010282,False,False,0.00017423927783966064,0.0040175169706344604,12,0.8053785179093568,False,True,True,True,True,-0.0006075501441955566,0.004799306392669678,9,0.6133554915935673,False,True,True
replace_rel:351,replace_rel,A group of zebra standing next to each other.,A group of zebra running next to each other.,000000218424.jpg,0.3515207767486572,0.33519554138183594,0.01632523536682129,0.8365150447972176,14,0.597505637410854,0.5660172572422801,0.031488380168573915,8.673617379884035e-17,1.3494313000010152,1.3497291000003315,1.3495730000013282,False,True,0.000518798828125,0.01580643653869629,10,0.7550099690755209,False,True,True,True,False,-0.0012222528457641602,0.01754748821258545,9,0.5992838541666666,False,True,True
add_obj:1759,add_obj,A very cozy looking living room with an oval table.,A very cozy looking living room with an oval table and a fireplace.,000000106235.jpg,0.2881872057914734,0.26346638798713684,0.024720817804336548,0.9221613260719785,14,0.8276351411076581,0.8142872713138198,0.013347869793838285,3.707971429900425e-17,1.3319499999997788,1.3321946999985812,1.3320592999989458,False,False,0.018360480666160583,0.006360337138175964,10,0.7626597086588541,False,True,True,False,False,0.015809684991836548,0.0089111328125,8,0.5320536295572916,False,True,True
swap_att:543,swap_att,a couple of people that are walking in some grass,Some people are walking in a couple of grassy fields.,000000158548.jpg,0.24907909333705902,0.24595491588115692,0.0031241774559020996,0.5774752954369036,12,0.20259244269537421,0.2075809662540764,-0.00498852355870219,1.452830911130576e-17,1.2142923999999766,1.214584499999546,1.2144271999986813,True,True,-0.006013959646224976,0.009138137102127075,9,0.7730023477979274,False,True,True,True,True,-0.01771530508995056,0.02083948254585266,7,0.5756456444300518,False,True,True
add_att:667,add_att,Two adult bears play fight in the water.,Two adult bears play fight in the freezing water.,000000560266.jpg,0.35373827815055847,0.34815797209739685,0.005580306053161621,0.6359967380127463,15,0.6216851955178769,0.5806776245685404,0.04100757094933649,2.3418766925686896e-17,0.8163679000008415,0.8166256000022258,0.816481300000305,False,False,0.0029152333736419678,0.0026650726795196533,12,0.8289234834558824,False,True,True,False,,0.004166066646575928,0.0014142394065856934,7,0.41892807904411766,False,True,False
replace_obj:1331,replace_obj,Someone feeding a goat a piece of carrot. ,Someone feeding a bird a piece of carrot.,000000113235.jpg,0.304522842168808,0.26937398314476013,0.03514885902404785,0.971108363477984,13,0.5455598309796147,0.5894831654986175,-0.043923334519002766,3.469446951953614e-17,1.0725648000006913,1.0728149000005942,1.0726785999995627,False,False,0.0037721246480941772,0.031376734375953674,8,0.6337076822916666,False,True,True,False,False,0.014557510614395142,0.02059134840965271,10,0.7931976318359375,False,True,True
replace_att:359,replace_att,A herd of animals grazing on a dry grass field.,A herd of animals grazing on a lush grass field.,000000152740.jpg,0.32726550102233887,0.3027852177619934,0.02448028326034546,0.9204171465001304,16,0.567948119122089,0.6066773338461888,-0.03872921472409985,4.85722573273506e-17,1.1062531999996281,1.106508799999574,1.1063654999998107,False,True,0.015460699796676636,0.009019583463668823,10,0.6411925117924528,False,True,True,False,True,0.013679921627044678,0.010800361633300781,9,0.5859669811320755,False,True,True
swap_obj:209,swap_obj,A man holding a baby taking a picture.,A baby holding a man taking a picture.,000000546475.jpg,0.3133961856365204,0.3083646893501282,0.005031496286392212,0.6231992196364597,13,0.6650016476983079,0.6874711957006457,-0.022469548002337802,7.025630077706069e-17,0.9825299999993149,0.9827765999980329,0.9826403999977629,False,False,0.0016800612211227417,0.00335143506526947,9,0.6704707924836601,False,True,True,False,,0.007474362850189209,-0.002442866563796997,6,0.4915683721405229,False,True,False
replace_rel:1201,replace_rel,An empty bathroom with blue walls on the lights on.,An empty bathroom without blue walls with the lights on.,000000090108.jpg,0.30394867062568665,0.29420292377471924,0.009745746850967407,0.7260303898949698,15,0.6563760678860485,0.494636093894497,0.16173997399155154,1.0755285551056204e-16,0.8246268999992026,0.824873799998386,0.824740699998074,False,False,0.007399648427963257,0.0023460984230041504,10,0.6807454427083334,False,True,True,False,True,0.01063317060470581,-0.0008874237537384033,10,0.6070048014322916,False,True,True
add_obj:1816,add_obj,"A bathroom with a glass shower door, a toilet and a towel handle. ","A bathroom with a glass shower door, a toilet, a towel handle, and a sink.",000000102644.jpg,0.31364670395851135,0.3102346956729889,0.003412008285522461,0.5844821890256529,15,0.6099909559347342,0.5349061231789726,0.07508483275576161,3.642919299551295e-17,1.0644241999998485,1.0646722000001319,1.0645315000001574,False,False,0.005505204200744629,-0.002093195915222168,12,0.8294986666666667,False,True,True,True,,-0.0008950531482696533,0.004307061433792114,6,0.33388266666666666,False,True,False
swap_att:351,swap_att,A black dog running with a red round frisbee.,A red dog running with a black round frisbee.,000000221693.jpg,0.33117666840553284,0.3301926255226135,0.0009840428829193115,0.5245812394342908,15,0.21706355527793011,0.178245226696289,0.03881832858164111,6.071532165918825e-17,1.2601474999992206,1.260424399999465,1.2602649999989808,True,True,-0.023943454027175903,0.024927496910095215,9,0.6052281891495601,False,True,True,True,,-0.020094633102416992,0.021078675985336304,7,0.4635550311583578,False,True,False
add_att:322,add_att,a man and a large herd of goats in a desert setting.,A muscular man and a large herd of goats in a desert setting.,000000181666.jpg,0.36063674092292786,0.3578808903694153,0.0027558505535125732,0.5684635107589016,13,0.5426934101129666,0.4107013979374196,0.13199201217554696,3.209238430557093e-17,1.130787500000224,1.13103670000055,1.130895000000237,True,False,-0.0012857317924499512,0.004041582345962524,12,0.9167853860294117,False,True,True,True,True,-0.005023598670959473,0.007779449224472046,7,0.5286879595588235,False,True,True
replace_obj:1477,replace_obj,Three zebras huddling together in a very dry area,Three giraffes huddling together in a very dry area.,000000545129.jpg,0.3417687714099884,0.24263767898082733,0.09913109242916107,0.999950481229731,12,0.8830600323110039,0.8196162958230395,0.06344373648796442,2.2551405187698492e-17,0.8339937000000646,0.8342606000005617,0.8341006999999081,False,False,0.06643925607204437,0.0326918363571167,9,0.7908042895442359,False,True,True,False,True,0.06758028268814087,0.0315508097410202,8,0.7174906166219839,False,True,True
replace_att:532,replace_att,Several broccoli plants planted next to a wall.,A single broccoli plant planted next to a wall.,000000396274.jpg,0.3226061761379242,0.298475056886673,0.02413111925125122,0.9178217042910434,14,0.6068041017549092,0.7585574709224224,-0.15175336916751325,6.765421556309548e-17,1.0261198000007425,1.0263862000010704,1.026223500000924,False,False,0.011278152465820312,0.012852966785430908,10,0.7723541259765625,False,True,True,False,False,0.01365247368812561,0.01047864556312561,8,0.6605478922526041,False,True,True
swap_obj:100,swap_obj,Two men are on a bicycle and a third is on a scooter.,A third man is on a bicycle and two are on a scooter.,000000038829.jpg,0.33010756969451904,0.31527116894721985,0.014836400747299194,0.8151217630301357,12,0.7008345318038898,0.6743069737411501,0.026527558062739653,3.469446951953614e-17,0.9893400000000838,0.989646800000628,0.9894454000004771,False,False,0.017664015293121338,-0.0028276145458221436,11,0.9550952576754386,False,True,True,False,False,0.008766531944274902,0.006069868803024292,9,0.7680521290204678,False,True,True
replace_rel:942,replace_rel,Two young girls petting goats in a pen.,Two young girls feeding goats in a pen.,000000008690.jpg,0.3339075744152069,0.32276302576065063,0.011144548654556274,0.7529587028954094,13,0.7074673025911138,0.7758351571161449,-0.06836785452503114,3.469446951953614e-17,1.240387499999997,1.2406926000003295,1.2405254000004788,False,False,0.009883701801300049,0.0012608468532562256,11,0.8769276936848959,False,True,True,False,False,0.019908249378204346,-0.008763700723648071,8,0.5539703369140625,False,True,True
add_obj:911,add_obj,A blue lighted bridge over water at night.,A blue lighted bridge over water with swans at night.,000000047828.jpg,0.34055063128471375,0.32399439811706543,0.016556233167648315,0.8396496101641217,13,0.6800319767622172,0.42393843292804373,0.25609354383417343,6.505213034913027e-17,0.7108878000017285,0.7111947000012151,0.7110253000009834,True,False,-0.0016758441925048828,0.018232077360153198,9,0.7188576525590551,False,True,True,True,False,-0.006489813327789307,0.023046046495437622,7,0.5882443405511811,False,True,True
swap_att:42,swap_att,A traffic light hanging in front of blossoming trees.,Blossoming traffic lights in front of a hanging tree.,000000015272.jpg,0.3199349343776703,0.3176148235797882,0.00232011079788208,0.5577439763142126,11,0.5363525445165116,0.6642941248564268,-0.1279415803399152,5.204170427930421e-17,1.0399044000005233,1.040265300000101,1.0400371000014275,False,False,0.007233381271362305,-0.004913270473480225,9,0.8226458794247787,False,True,True,False,,0.007950752973556519,-0.0056306421756744385,5,0.3837688974926254,False,True,False
add_att:364,add_att,A blue bicycle sits on a sidewalk near a street.,A foldable blue bicycle sits on a sidewalk near a street.,000000174482.jpg,0.3268857002258301,0.32035017013549805,0.006535530090332031,0.6578106778895717,12,0.7529559120361883,0.6618906529060209,0.09106525913016739,1.9081958235744878e-17,0.9927131999993435,0.9930205999989994,0.9928480999988096,False,,0.01165841519832611,-0.00512288510799408,5,0.4561617943548387,False,True,False,False,,0.0035764873027801514,0.00295904278755188,5,0.42280745967741934,False,True,False
replace_obj:387,replace_obj,Athletes performing tricks on a BMX bicycle and a skateboard.,Spectators watching tricks on a BMX bicycle and a skateboard.,000000087038.jpg,0.3263934850692749,0.2768586575984955,0.04953482747077942,0.9929906950398286,13,0.3455612145773693,0.3693358686727506,-0.023774654095381265,4.163336342344337e-17,1.1814295000003767,1.1816931000012119,1.1815483999998833,True,True,-0.0044424086809158325,0.05397723615169525,9,0.6823679606119791,False,True,True,True,True,-0.0029574334621429443,0.05249226093292236,8,0.5880330403645834,False,True,True
replace_att:700,replace_att,a white woman with a blue surf board ,A black woman with a blue surf board.,000000404805.jpg,0.31877249479293823,0.29343941807746887,0.02533307671546936,0.9264440743502989,15,0.8058531859334275,0.8348782304403398,-0.029025044506912345,2.688821387764051e-17,0.9578899999996793,0.9581995999997162,0.9580337999996118,False,False,0.011952981352806091,0.013380095362663269,11,0.6976368329678363,False,True,True,False,,0.015504568815231323,0.009828507900238037,7,0.4282997532894737,False,True,False
swap_obj:103,swap_obj,A lady wearing red playing tennis on a blue and green court.,A lady wearing blue and green playing tennis on a red court.,000000039551.jpg,0.3097172975540161,0.29601991176605225,0.013697385787963867,0.7973379137569916,15,0.4502685194244939,0.4482795951737072,0.0019889242507867277,3.8163916471489756e-17,0.9441644999988057,0.9444795999988855,0.9443095999995421,True,True,-8.040666580200195e-05,0.01377779245376587,13,0.8452348318713451,False,True,True,True,True,-0.0022565126419067383,0.015953898429870605,8,0.5144200018274854,False,True,True
replace_rel:1085,replace_rel,"A burger sitting on a table, with another next to it.","A burger under a table, with another next to it.",000000018575.jpg,0.29679355025291443,0.2827908396720886,0.014002710580825806,0.8022268978595027,15,0.7321097136963032,0.800922275618751,-0.06881256192244778,2.42861286636753e-17,1.3975867999997718,1.397860999999466,1.397701899999447,False,False,0.01999470591545105,-0.005991995334625244,12,0.8255360921223959,False,True,True,False,,0.011501580476760864,0.0025011301040649414,6,0.4415028889973958,False,True,False
add_obj:1439,add_obj,A person on a snowboard who is performing a trick.,A person on a ski and snowboard who is performing a trick.,000000456303.jpg,0.30843833088874817,0.30574309825897217,0.002695232629776001,0.5669758629800388,13,0.476146058922358,0.4037540093090505,0.07239204961330753,5.2475385148298415e-17,1.2362814999996772,1.2365952000000107,1.236420500001259,False,True,0.0007253140211105347,0.0019699186086654663,11,0.8521806853582554,False,True,True,True,True,-0.0036376118659973145,0.006332844495773315,8,0.6566791277258567,False,True,True
swap_att:607,swap_att,A fruit smoothie is on display on a plate with two strawberries for garnish.,Two smoothies are on display on a plate with a fruit garnish.,000000331569.jpg,0.3162018656730652,0.2823067009449005,0.03389516472816467,0.9673752878589471,16,0.4994459011240022,0.37677060503601645,0.12267529608798577,4.163336342344337e-17,1.472240500001135,1.4724788000003173,1.472356000002037,False,True,0.00043505430221557617,0.0334601104259491,11,0.667205810546875,False,True,True,False,True,0.00043505430221557617,0.0334601104259491,9,0.5837059020996094,False,True,True
add_att:149,add_att,A group of children standing and sitting beside each other. ,A group of children dressed in costumes standing and sitting beside each other.,000000002299.jpg,0.2875862121582031,0.28234100341796875,0.005245208740234375,0.6282042887541963,13,0.5726391051510549,0.41267672890049856,0.15996237625055632,4.2500725161431774e-17,0.8872109000003547,0.8875124000005599,0.8873483000006672,True,False,-0.015362918376922607,0.020608127117156982,8,0.688841059602649,False,True,True,True,,-0.002201378345489502,0.007446587085723877,6,0.37051655629139074,False,True,False
replace_obj:224,replace_obj,A woman getting ready to eat a pizza on the table.,A woman getting ready to eat seafood on the table.,000000306700.jpg,0.32231849431991577,0.2466687262058258,0.07564976811408997,0.9994819790987055,13,0.830175031686604,0.9054738938471746,-0.07529886216057058,6.938893903907228e-17,0.9833586000004289,0.9836561000010988,0.9835025000011228,False,False,0.051179736852645874,0.024470031261444092,12,0.9154764811197916,False,True,True,False,False,0.05253779888153076,0.023111969232559204,12,0.9226938883463541,False,True,True
replace_att:281,replace_att,A little girl is kneeling in front of an open refrigerator. ,A little girl is kneeling in front of a closed refrigerator.,000000231339.jpg,0.3924197852611542,0.38719138503074646,0.005228400230407715,0.6278116185212265,16,0.4933927496264436,0.39911072500724787,0.09428202461919571,8.673617379884035e-17,1.3643300000003364,1.3646337000009225,1.3644768000012846,True,True,-0.0027468502521514893,0.007975250482559204,14,0.8524068196614584,False,True,True,True,True,-0.0026390254497528076,0.007867425680160522,9,0.6049753824869791,False,True,True
swap_obj:164,swap_obj,There is a banana on a beach chair with a small umbrella,There is a small umbrella on a beach chair with a banana.,000000185802.jpg,0.2973395884037018,0.2900114357471466,0.007328152656555176,0.6754227589647759,13,0.5420685760346701,0.49975769261430725,0.04231088342036282,2.992397996059992e-17,1.285373000000618,1.2858859000007214,1.2855144999994081,False,False,0.00500863790512085,0.002319514751434326,8,0.5450642903645834,False,True,True,True,,-0.002507328987121582,0.009835481643676758,7,0.4316457112630208,False,True,False
replace_rel:812,replace_rel,Several children playing a game together outside with boats in the background.,Several children playing a game together outside without boats in the background.,000000061418.jpg,0.30136772990226746,0.2934112250804901,0.007956504821777344,0.6890433091332681,15,0.790631058766813,0.8258161168308443,-0.03518505806403127,6.765421556309548e-17,0.8382496000012907,0.8385043000016594,0.8383635000009235,False,False,0.019107669591903687,-0.011151164770126343,11,0.7694405310792349,False,True,True,False,False,0.016845405101776123,-0.00888890027999878,8,0.5930616034836066,False,True,True
add_obj:1548,add_obj,A cat sitting on a bench in front of a building.,A cat and a bird are sitting on a bench in front of a building.,000000080666.jpg,0.32861441373825073,0.30726104974746704,0.02135336399078369,0.8942905471222914,13,0.21801849506868104,0.17412165135873875,0.04389684370994229,6.808789643208968e-17,1.6020717000010336,1.6023772000007739,1.6022096000015154,True,True,-0.004402667284011841,0.025756031274795532,10,0.7817001342773438,False,True,True,True,True,-0.004402637481689453,0.025756001472473145,9,0.7301712036132812,False,True,True
swap_att:388,swap_att,Three people are in a small boat in a lake and one woman holds a red and yellow umbrella.,Three people are in a red and yellow boat in a large lake and one woman holds a small umbrella.,000000181421.jpg,0.37957698106765747,0.3608381450176239,0.01873883605003357,0.8669070037376243,14,0.6871896013152458,0.5460183191811134,0.14117128213413233,9.194034422677078e-17,1.335341399999379,1.3355895999993663,1.33545199999935,False,False,0.01234331727027893,0.006395518779754639,11,0.8311723126750701,False,True,True,False,True,0.0013983100652694702,0.0173405259847641,7,0.5100993522408963,False,True,True
add_att:367,add_att,Several vehicles and a horse drawn cart pull up outside of a building.,Several vehicles and an illuminated horse drawn cart pull up outside of a building.,000000367680.jpg,0.2382752001285553,0.2249474674463272,0.013327732682228088,0.7912989958697567,12,0.7307025879670461,0.84328108393222,-0.11257849596517389,4.0332320816460765e-17,0.9742287999997643,0.9745192999998835,0.9743641000004573,False,False,0.005136772990226746,0.008190959692001343,10,0.8904339250493096,False,True,True,False,False,0.021551236510276794,-0.008223503828048706,4,0.5170874424720578,False,True,True
replace_obj:13,replace_obj,A man holding a tennis racket getting ready to hit a tennis ball.,A woman holding a tennis racket getting ready to hit a tennis ball.,000000239537.jpg,0.30414023995399475,0.2681560218334198,0.03598421812057495,0.9733621172382243,15,0.730326246372153,0.7144448786695605,0.01588136770259252,2.7755575615628914e-17,0.8479962000001251,0.8483042999996542,0.8481397000014113,False,True,0.01667901873588562,0.01930519938468933,10,0.672395460243553,False,True,True,False,False,0.018624991178512573,0.017359226942062378,15,1.0,False,True,True
replace_att:315,replace_att,a baseball player is swinging a bat and some grass,A baseball player is still holding a bat and some grass.,000000101068.jpg,0.29870280623435974,0.2945455014705658,0.004157304763793945,0.6024611403214967,12,0.6981040922064288,0.5652655286730317,0.13283856353339707,3.729655473350135e-17,1.060583599999518,1.0608247999989544,1.0606917000004614,False,False,0.0032219886779785156,0.0009353160858154297,8,0.6873001187865497,False,True,True,False,False,0.003747612237930298,0.00040969252586364746,7,0.6389459978070176,False,True,True
swap_obj:157,swap_obj,The black and white photo shows a truck tilting a large cargo crate.,The black and white photo shows a large cargo crate tilting a truck.,000000219271.jpg,0.2807296812534332,0.2740144729614258,0.006715208292007446,0.6618436146159704,12,0.5765775643264875,0.5692880427272466,0.0072895215992409,2.992397996059992e-17,1.182384199999433,1.1826342999993358,1.1824895999998262,False,False,0.0047250837087631226,0.0019901245832443237,8,0.7256514285714286,False,True,True,False,False,0.007620006799697876,-0.0009047985076904297,8,0.7356514285714286,False,True,True
replace_rel:163,replace_rel,A truck painted green with designs parked by other vehicles.,A truck painted green with designs is moving towards other vehicles.,000000338428.jpg,0.27017128467559814,0.2664174437522888,0.003753840923309326,0.592759321496695,12,0.2503911870581718,0.2462679307719975,0.004123256286174326,1.9081958235744878e-17,0.9210105000001931,0.921301800000947,0.9211456000011822,True,True,-0.007349759340286255,0.011103600263595581,10,0.8403703604948806,False,True,True,True,True,-0.009817272424697876,0.013571113348007202,9,0.7356348656143344,False,True,True
add_obj:2003,add_obj,They are going to serve pizza for lunch today.,They are going to serve pizza and mango for lunch today.,000000554735.jpg,0.25832676887512207,0.23425188660621643,0.02407488226890564,0.9173965388278573,15,0.6439995600530146,0.6973158099651398,-0.053316249912125135,1.6046192152785466e-17,0.9702334000012343,0.9705380000013974,0.97037679999994,False,False,0.007580280303955078,0.01649460196495056,11,0.7293141682942709,False,True,True,False,False,0.013500764966011047,0.010574117302894592,9,0.610015869140625,False,True,True
swap_att:454,swap_att,A black cat laying on a white lap top.,A white cat laying on a black laptop.,000000198641.jpg,0.3256334364414215,0.30884239077568054,0.016791045665740967,0.8427859245599377,15,0.4680656388503309,0.783422663847359,-0.3153570249970281,9.75781955236954e-17,1.3000188000005437,1.3003265999996074,1.3001635000000533,True,True,-0.012052267789840698,0.028843313455581665,13,0.8741891726501305,False,True,True,False,,0.003332972526550293,0.013458073139190674,6,0.37200146866840733,False,True,False
add_att:534,add_att,A black and white portrait of a male.,A black and white portrait of a bearded male.,000000471087.jpg,0.26909270882606506,0.23234090209007263,0.03675180673599243,0.9752816561548694,11,0.7275237182853068,0.652520156504617,0.07500356178068979,2.0816681711721685e-17,1.3099218999996083,1.3102151999992202,1.310055399999328,False,False,0.010449036955833435,0.026302769780158997,9,0.8315403422982885,False,True,True,False,False,0.0070875585079193115,0.02966424822807312,8,0.7297310513447433,False,True,True
replace_obj:1376,replace_obj,A church steeple is shown amidst telephone wires and lights. ,A church steeple is shown amidst telephone wires and a billboard.,000000339870.jpg,0.3533036410808563,0.3044074773788452,0.04889616370201111,0.9925318839386118,14,0.9775200121053726,0.980541477967959,-0.0030214658625863366,6.938893903907228e-17,1.0512951000000612,1.051600500000859,1.0514358000000357,False,False,0.047097235918045044,0.0017989277839660645,12,0.8689562592182891,False,True,True,False,False,0.03627419471740723,0.012621968984603882,7,0.5617164454277286,False,True,True
replace_att:288,replace_att,An eighteen wheeler truck is parked in a lot. ,A six-wheel truck is parked in a lot.,000000123131.jpg,0.2579285800457001,0.2549111843109131,0.0030173957347869873,0.5748677148377079,13,0.6386809215310452,0.5985027757069454,0.04017814582409973,1.8648277366750676e-17,0.9848722999995516,0.9852298000005248,0.984982799998761,False,False,0.0066093504428863525,-0.0035919547080993652,5,0.5423691063596491,False,True,True,True,False,-0.0010991096496582031,0.00411650538444519,7,0.5362013432017544,False,True,True
