method,budget,actual_area,preference,margin_drop,rankflip
shap_point,10,0.15668085555280076,0.714802444327771,0.012824926326672237,0.22666666666666666
shap_point,20,0.24794857774668244,0.6760749682152419,0.016782775471607843,0.28
shap_point,30,0.3463957009871626,0.6286639607369299,0.021329268018404644,0.35333333333333333
shap_point,40,0.44389061717145645,0.6013918747118894,0.024880727231502534,0.35333333333333333
shap_point,50,0.5450243331304595,0.5628341318424431,0.027829719533522923,0.4166666666666667
shap_cr,10,0.1515208388250332,0.6819721836952876,0.017035088390111922,0.29
shap_cr,20,0.2474967012340905,0.6074219979816711,0.023993796557188033,0.37666666666666665
shap_cr,30,0.3463889798881716,0.5490380246080815,0.02869076485435168,0.44666666666666666
shap_cr,40,0.4398650907514148,0.49569529863789946,0.03299636388818423,0.49333333333333335
shap_cr,50,0.5422766171012315,0.45705328695512737,0.03632296189665794,0.54
grad_point,10,0.14866753895281778,0.7162072159618502,0.013714344849189123,0.23666666666666666
grad_point,20,0.24988748831463056,0.6596673080584311,0.01882902647058169,0.30666666666666664
grad_point,30,0.3465039746277465,0.6136805085268306,0.022644812166690828,0.36333333333333334
grad_point,40,0.4476090946258764,0.5515765409008403,0.02769379109144211,0.43666666666666665
grad_point,50,0.5471661765743395,0.5306571644459287,0.029608729084332784,0.4533333333333333
grad_cr,10,0.15026125559300835,0.6918919044886387,0.01570046087106069,0.28
grad_cr,20,0.25360131397404323,0.6128217018370666,0.02288840671380361,0.37666666666666665
grad_cr,30,0.3481405948452882,0.5729260403112374,0.02671600381533305,0.4166666666666667
grad_cr,40,0.4473053174377384,0.5370834880881009,0.029643963128328323,0.44
grad_cr,50,0.5473564440835222,0.48341788674672054,0.03392538398504257,0.5
