population,budget,point_mean_actual_area,cr_mean_actual_area,point_rankflip_rate,cr_rankflip_rate,exact_mcnemar_pvalue,neither_flipped,point_only_flipped,cr_only_flipped,both_flipped
Full eligible evaluable,10,0.15818479204616662,0.15205003303321396,0.22698612862547288,0.29760403530895335,3.1810603170370786e-07,525,32,88,148
Full eligible evaluable,20,0.2497363479207317,0.24650395832515984,0.27742749054224464,0.3656998738965952,4.444353010344193e-09,466,37,107,183
Full eligible evaluable,30,0.3467666283922335,0.3462399044543789,0.3329129886506936,0.43883984867591425,6.009507673225892e-11,403,42,126,222
Full eligible evaluable,40,0.4434180183941523,0.4424397891854319,0.35435056746532156,0.4854981084489281,3.3028225066376886e-14,363,45,149,236
Full eligible evaluable,50,0.5434483092674626,0.5423632511074858,0.4047919293820933,0.5233291298865069,1.0312137054445143e-10,318,60,154,261
Previously unevaluated remainder,10,0.15909996638290042,0.1523720579063463,0.22718052738336714,0.3022312373225152,1.252682396485477e-05,327,17,54,95
Previously unevaluated remainder,20,0.25082424052157304,0.24589985513514115,0.27586206896551724,0.359026369168357,7.505332324620721e-06,295,21,62,115
Previously unevaluated remainder,30,0.34699234486590746,0.34614918918026566,0.3204868154158215,0.4340770791075051,1.0892545009628191e-08,258,21,77,137
Previously unevaluated remainder,40,0.4431304329312898,0.44400654279639584,0.35496957403651114,0.48073022312373226,8.91404529441691e-09,228,28,90,147
Previously unevaluated remainder,50,0.5424892683772008,0.5424159695697097,0.3975659229208925,0.513184584178499,3.4738008828470623e-07,206,34,91,162
